<ImportExportXml xmlns:xsi="http://www.w3.org/2001/XMLSchema-instance">
  <Entities></Entities>
  <Roles></Roles>
  <Workflows></Workflows>
  <FieldSecurityProfiles></FieldSecurityProfiles>
  <Templates />
  <EntityMaps />
  <EntityRelationships />
  <OrganizationSettings />
  <optionsets />
  <CustomControls />
  <EntityDataProviders />
  <CanvasApps>
    <CanvasApp>
      <Name>ppmpro_canvaskanban_05645</Name>
      <AppVersion>2022-12-06T00:08:22Z</AppVersion>
      <Status>Ready</Status>
      <CreatedByClientVersion>3.22111.28.0</CreatedByClientVersion>
      <MinClientVersion>3.22111.28.0</MinClientVersion>
      <Tags>{"primaryDeviceWidth":"1872","primaryDeviceHeight":"978","supportsPortrait":"true","supportsLandscape":"true","primaryFormFactor":"Tablet","publisherVersion":"3.22111.28","minimumRequiredApiVersion":"2.2.0","hasComponent":"false","hasUnlockedComponent":"false","isUnifiedRootApp":"false","sienaVersion":"20221205T135727Z-3.22111.28.0"}</Tags>
      <IsCdsUpgraded>0</IsCdsUpgraded>
      <GalleryItemId xsi:nil="true"></GalleryItemId>
      <BackgroundColor>RGBA(0,176,240,1)</BackgroundColor>
      <DisplayName>Canvas Kanban</DisplayName>
      <Description xsi:nil="true"></Description>
      <CommitMessage xsi:nil="true"></CommitMessage>
      <Publisher xsi:nil="true"></Publisher>
      <AuthorizationReferences>[]</AuthorizationReferences>
      <ConnectionReferences>{}</ConnectionReferences>
      <DatabaseReferences>{"default.cds":{"databaseDetails":{"referenceType":"Environmental","environmentName":"default.cds","overrideValues":{"status":"NotSpecified"}},"dataSources":{"Projects":{"entitySetName":"msdyn_projects","logicalName":"msdyn_project"},"Users":{"entitySetName":"systemusers","logicalName":"systemuser"}},"components":[{"componentName":"CustomControl","identifier":"pdd_CustomControl.PowerDragDrop","identifierType":"LogicalName","capabilities":{"pcfExternalServiceUsageAllowed":false}},{"componentName":"CustomControl","identifier":"pdd_CustomControl.PowerDragDrop","identifierType":"LogicalName","capabilities":{"pcfExternalServiceUsageAllowed":false}},{"componentName":"CustomControl","identifier":"pdd_CustomControl.PowerDragDrop","identifierType":"LogicalName","capabilities":{"pcfExternalServiceUsageAllowed":false}},{"componentName":"CustomControl","identifier":"pdd_CustomControl.PowerDragDrop","identifierType":"LogicalName","capabilities":{"pcfExternalServiceUsageAllowed":false}},{"componentName":"CustomControl","identifier":"pdd_CustomControl.PowerDragDrop","identifierType":"LogicalName","capabilities":{"pcfExternalServiceUsageAllowed":false}},{"componentName":"CustomControl","identifier":"pdd_CustomControl.PowerDragDrop","identifierType":"LogicalName","capabilities":{"pcfExternalServiceUsageAllowed":false}}]}}</DatabaseReferences>
      <AppComponents>[]</AppComponents>
      <AppComponentDependencies>[]</AppComponentDependencies>
      <CanConsumeAppPass>1</CanConsumeAppPass>
      <CanvasAppType>2</CanvasAppType>
      <BypassConsent>0</BypassConsent>
      <AdminControlBypassConsent>0</AdminControlBypassConsent>
      <EmbeddedApp xsi:nil="true"></EmbeddedApp>
      <IntroducedVersion>1.0</IntroducedVersion>
      <CdsDependencies>{"cdsdependencies":[{"logicalname":"msdyn_project","componenttype":1},{"logicalname":"systemuser","componenttype":1},{"dependencyid":"","logicalname":"pdd_CustomControl.PowerDragDrop","componenttype":66,"componenttypeplatformname":"CustomControl"},{"dependencyid":"","logicalname":"pdd_CustomControl.PowerDragDrop","componenttype":66,"componenttypeplatformname":"CustomControl"},{"dependencyid":"","logicalname":"pdd_CustomControl.PowerDragDrop","componenttype":66,"componenttypeplatformname":"CustomControl"},{"dependencyid":"","logicalname":"pdd_CustomControl.PowerDragDrop","componenttype":66,"componenttypeplatformname":"CustomControl"},{"dependencyid":"","logicalname":"pdd_CustomControl.PowerDragDrop","componenttype":66,"componenttypeplatformname":"CustomControl"},{"dependencyid":"","logicalname":"pdd_CustomControl.PowerDragDrop","componenttype":66,"componenttypeplatformname":"CustomControl"}]}</CdsDependencies>
      <IsCustomizable>1</IsCustomizable>
      <BackgroundImageUri>/CanvasApps/ppmpro_canvaskanban_05645_BackgroundImageUri</BackgroundImageUri>
      <DocumentUri>/CanvasApps/ppmpro_canvaskanban_05645_DocumentUri.msapp</DocumentUri>
    </CanvasApp>
  </CanvasApps>
  <Languages>
    <Language>1033</Language>
  </Languages>
</ImportExportXml>